{"Students": [
  {"First name": "Maxim", "Last name": "Lebedinsky", "Email": "Maxim.Lebedinsky@e.braude.ac.il", "Courses": ["Web Technologies", "Mechanics", "Data Mining & ML", "Introduction to Cloud computing", "Introduction to Artificial Intelligence", "Differ. Equ"], "Link": "http://lnkiy.in/coolLink"}, 
  {"First name": "Neta", "Last name": "Amzalag", "Email": "Neta.Amzalag@e.braude.ac.il", "Courses": ["Embracing Diversity", "Web Technologies", "Mechanics", "Compilation Theory", "Introduction to Cloud Technologies", "Data Mining & Machine Learning", "Introduction to Artificial Intelligence"], "Link": "https://he.wikipedia.org/wiki/%D7%90%D7%9C%D7%92%D7%95%D7%A8%D7%99%D7%AA%D7%9D_%D7%9C%D7%9E%D7%A4%D7%9C-%D7%96%D7%99%D7%95", "TV Show": ""},
  {"First name": "Peleg", "Last name": "Oanuno", "Email": "Peleg.oanuno@e.braude.ac.il", "Courses": ["Embracing Diversity", "Web Technologies", "Mechanics", "Compilation Theory", "Introduction to Cloud Technologies", "Data Mining & Machine Learning", "Introduction to Artificial Intelligence"], "Link": "https://www.themarker.com/wallstreet/2022-12-25/ty-article/.premium/00000185-44af-d13b-ab9d-ccefc4ed0000", "TV Show": ""},
  {"First name": "Vital", "Last name": "Marciano", "Email": "Vital.marciano@e.braude.ac.il", "Courses": ["Embracing Diversity", "Web Technologies", "Mechanics", "Compilation Theory", "Introduction to Cloud Technologies", "Data Mining & Machine Learning", "Introduction to Artificial Intelligence"], "Link": "https://he.wikipedia.org/wiki/%D7%9E%D7%A8%D7%A1%D7%9C_%D7%9E%D7%A8%D7%A1%D7%95", "TV Show": "Gray's Autonomy"}, 
  {"First name": "Ron", "Last name": "Lahiani", "Email": "Ron.lahiani@e.braude.ac.il", "Courses": ["Embracing Diversity", "Web Technologies", "Mechanics", "Compilation Theory", "Introduction to Cloud Technologies", "Data Mining & Machine Learning", "Introduction to Artificial Intelligence"], "Link": "https://techtalk.co.il/tag/%D7%A2%D7%9C%D7%99%D7%99%D7%AA-%D7%94%D7%9E%D7%9B%D7%95%D7%A0%D7%95%D7%AA/"}, 
  {"First name": "Yovel", "Last name": "Cohen", "Email": "Yovel.Cohen@e.braude.ac.il", "Courses": ["Web Technologies", "Mechanics", "Compilation Theory", "Introduction to Cloud Technologies", "Data Mining & Machine Learning", "Introduction to Artificial Intelligence"], "Link": "https://techtalk.co.il/tag/%D7%A2%D7%9C%D7%99%D7%99%D7%AA-%D7%94%D7%9E%D7%9B%D7%95%D7%A0%D7%95%D7%AA/"},
  {"First name": "Rotem", "Last name": "Levi", "Email": "Rotem.levi@e.braude.ac.il", "Courses": ["Web Technologies", "Mechanics", "Compilation Theory", "Data Mining & ML", "Introduction to Cloud computing", "Introduction to Artificial Intelligence"], "Link": "https://stackoverflow.com/questions/6889747/is-python-interpreted-or-compiled-or-both"}]}
